<edmx:Edmx
    xmlns:edmx="http://schemas.microsoft.com/ado/2007/06/edmx"
    xmlns:m="http://schemas.microsoft.com/ado/2007/08/dataservices/metadata"
    xmlns:sap="http://www.sap.com/Protocols/SAPData" Version="1.0">
    <edmx:Reference
        xmlns:edmx="http://docs.oasis-open.org/odata/ns/edmx" Uri="./IWFND/CATALOGSERVICE;v=2/Vocabularies(TechnicalName='%2FIWBEP%2FVOC_COMMON',Version='0001',SAP__Origin='')/$value">
        <edmx:Include Namespace="com.sap.vocabularies.Common.v1" Alias="Common"/>
    </edmx:Reference>
    <edmx:DataServices m:DataServiceVersion="2.0">
        <Schema
            xmlns="http://schemas.microsoft.com/ado/2008/09/edm" Namespace="ZARBEITER_ODATA_CDS" xml:lang="de" sap:schema-version="1">
            <EntityType Name="ZARBEITER_ODATAType" sap:content-version="1">
                <Key>
                    <PropertyRef Name="z_arbeitername"/>
                </Key>
                <Property Name="z_arbeitername" Type="Edm.String" Nullable="false" MaxLength="20" sap:display-format="UpperCase" sap:label="ARBEITERNAME"/>
                <Property Name="z_jobid" Type="Edm.String" MaxLength="9" sap:display-format="NonNegative" sap:label="JOBID"/>
                <Property Name="z_bereichid" Type="Edm.String" MaxLength="9" sap:display-format="NonNegative" sap:label="BEREICHE"/>
                <Property Name="z_gehalt" Type="Edm.String" MaxLength="9" sap:display-format="NonNegative" sap:label="GEHALT"/>
                <Property Name="z_plz" Type="Edm.String" MaxLength="6" sap:display-format="NonNegative" sap:label="PLZ"/>
                <Property Name="z_stadt" Type="Edm.String" MaxLength="20" sap:display-format="UpperCase" sap:label="STADT"/>
                <Property Name="z_strasse" Type="Edm.String" MaxLength="20" sap:display-format="UpperCase" sap:label="STRASSE" sap:quickinfo="Strasse"/>
                <Property Name="BereichID" Type="Edm.String" MaxLength="9" sap:display-format="NonNegative" sap:label="BEREICHE"/>
                <Property Name="z_bereichname" Type="Edm.String" MaxLength="20" sap:display-format="UpperCase" sap:label="BEREICHNAME"/>
            </EntityType>
            <EntityContainer Name="ZARBEITER_ODATA_CDS_Entities" m:IsDefaultEntityContainer="true" sap:supported-formats="atom json xlsx">
                <EntitySet Name="ZARBEITER_ODATA" EntityType="ZARBEITER_ODATA_CDS.ZARBEITER_ODATAType" sap:content-version="1"/>
            </EntityContainer>
            <Annotations
                xmlns="http://docs.oasis-open.org/odata/ns/edm" Target="ZARBEITER_ODATA_CDS.ZARBEITER_ODATAType">
                <Annotation Term="Common.SemanticKey">
                    <Collection>
                        <PropertyPath>z_arbeitername</PropertyPath>
                    </Collection>
                </Annotation>
            </Annotations>
            <atom:link
                xmlns:atom="http://www.w3.org/2005/Atom" rel="self" href="./sap/ZARBEITER_ODATA_CDS/$metadata"/>
                <atom:link
                    xmlns:atom="http://www.w3.org/2005/Atom" rel="latest-version" href="./sap/ZARBEITER_ODATA_CDS/$metadata"/>
                </Schema>
            </edmx:DataServices>
        </edmx:Edmx>